threads_count;matrix_size;t1;t2;t_all;
1;300;31.6912;0.145752;31.8369;
1;1000;1260.34;2.19214;1262.53;
2;300;32.6912;0.145752;31.8369;
2;1000;1260.34;2.19214;1262.53;
8;300;38.6912;0.145752;31.8369;
8;1000;1260.34;2.19214;1262.53;
4;300;34.6912;0.145752;31.8369;
4;1000;1260.34;2.19214;1262.53;
